date,TDS_circ,TDS_makeup,pH,temp_C,flow_rate,calcium_hardness,alkalinity
2024-01-01 00:00:00,204.0,200,7.82,34.7,3244.0,178.0,143.0
2024-01-01 01:00:00,201.4,200,7.72,35.6,3312.0,179.0,144.0
2024-01-01 02:00:00,210.2,200,7.75,36.1,3325.0,194.0,166.0
2024-01-01 03:00:00,219.7,200,7.86,36.2,3357.0,205.0,150.0
2024-01-01 04:00:00,208.1,200,7.84,37.2,3379.0,173.0,156.0
2024-01-01 05:00:00,210.6,200,7.83,37.2,3249.0,195.0,144.0
2024-01-01 06:00:00,227.6,200,7.85,37.3,3259.0,195.0,144.0
2024-01-01 07:00:00,223.6,200,7.87,37.6,3237.0,214.0,159.0
2024-01-01 08:00:00,216.2,200,7.84,37.5,3288.0,196.0,139.0
2024-01-01 09:00:00,226.8,200,7.83,36.6,3323.0,204.0,147.0
2024-01-01 10:00:00,221.3,200,7.89,36.1,3349.0,201.0,150.0
2024-01-01 11:00:00,223.8,200,7.84,35.8,3296.0,179.0,151.0
2024-01-01 12:00:00,231.9,200,7.91,34.6,3284.0,208.0,149.0
2024-01-01 13:00:00,217.2,200,7.82,34.5,3308.0,202.0,153.0
2024-01-01 14:00:00,221.2,200,7.96,33.2,3258.0,205.0,156.0
2024-01-01 15:00:00,233.0,200,7.94,31.9,3404.0,239.0,156.0
2024-01-01 16:00:00,231.9,200,7.93,32.1,3220.0,179.0,142.0
2024-01-01 17:00:00,245.0,200,7.98,31.7,3309.0,217.0,148.0
2024-01-01 18:00:00,237.7,200,8.02,31.9,3401.0,197.0,160.0
2024-01-01 19:00:00,236.2,200,7.99,31.8,3300.0,203.0,157.0
2024-01-01 20:00:00,261.7,200,7.86,31.9,3290.0,200.0,139.0
2024-01-01 21:00:00,250.7,200,7.89,32.0,3282.0,196.0,153.0
2024-01-01 22:00:00,255.5,200,7.93,32.9,3291.0,194.0,134.0
2024-01-01 23:00:00,246.1,200,7.97,33.5,3369.0,203.0,150.0
2024-01-02 00:00:00,255.6,200,8.0,34.3,3189.0,185.0,165.0
2024-01-02 01:00:00,263.4,200,7.95,35.5,3377.0,208.0,142.0
2024-01-02 02:00:00,255.8,200,8.0,36.5,3229.0,196.0,143.0
2024-01-02 03:00:00,270.5,200,7.96,36.7,3287.0,189.0,156.0
2024-01-02 04:00:00,265.2,200,7.97,36.7,3279.0,195.0,138.0
2024-01-02 05:00:00,270.2,200,7.94,37.5,3329.0,213.0,145.0
2024-01-02 06:00:00,270.2,200,7.97,37.9,3220.0,195.0,155.0
2024-01-02 07:00:00,292.3,200,7.95,37.2,3323.0,204.0,145.0
2024-01-02 08:00:00,279.9,200,7.97,37.1,3401.0,193.0,148.0
2024-01-02 09:00:00,274.0,200,8.08,36.6,3232.0,208.0,156.0
2024-01-02 10:00:00,291.6,200,7.99,35.8,3309.0,207.0,153.0
2024-01-02 11:00:00,277.7,200,8.17,35.5,3267.0,218.0,152.0
2024-01-02 12:00:00,291.7,200,8.07,34.5,3321.0,198.0,147.0
2024-01-02 13:00:00,276.8,200,8.06,33.8,3301.0,207.0,153.0
2024-01-02 14:00:00,284.4,200,8.01,32.7,3268.0,201.0,149.0
2024-01-02 15:00:00,299.1,200,8.09,32.2,3324.0,213.0,154.0
2024-01-02 16:00:00,305.9,200,8.03,32.1,3390.0,193.0,146.0
2024-01-02 17:00:00,303.9,200,8.07,31.5,3290.0,207.0,149.0
2024-01-02 18:00:00,304.1,200,8.2,32.0,3336.0,198.0,142.0
2024-01-02 19:00:00,305.1,200,8.07,31.5,3235.0,199.0,150.0
2024-01-02 20:00:00,298.2,200,8.13,32.0,3252.0,201.0,144.0
2024-01-02 21:00:00,306.7,200,8.04,32.7,3324.0,203.0,141.0
2024-01-02 22:00:00,311.3,200,8.08,32.6,3374.0,199.0,152.0
2024-01-02 23:00:00,326.0,200,8.17,33.2,3318.0,202.0,152.0
2024-01-03 00:00:00,322.7,200,8.05,34.0,3284.0,216.0,156.0
2024-01-03 01:00:00,308.4,200,8.18,35.7,3300.0,210.0,147.0
2024-01-03 02:00:00,327.6,200,8.13,35.8,3237.0,209.0,153.0
2024-01-03 03:00:00,324.4,200,8.06,37.4,3330.0,195.0,154.0
2024-01-03 04:00:00,324.6,200,8.13,36.9,3344.0,191.0,154.0
2024-01-03 05:00:00,337.4,200,8.14,37.5,3277.0,210.0,143.0
2024-01-03 06:00:00,343.2,200,8.13,38.0,3276.0,209.0,151.0
2024-01-03 07:00:00,345.0,200,8.02,38.0,3313.0,215.0,153.0
2024-01-03 08:00:00,333.3,200,8.06,37.7,3278.0,194.0,150.0
2024-01-03 09:00:00,340.0,200,8.09,37.0,3297.0,198.0,133.0
2024-01-03 10:00:00,347.7,200,8.1,36.3,3405.0,184.0,151.0
2024-01-03 11:00:00,355.3,200,8.13,35.5,3288.0,196.0,168.0
2024-01-03 12:00:00,346.2,200,8.11,34.7,3282.0,210.0,147.0
2024-01-03 13:00:00,351.0,200,8.03,33.6,3268.0,195.0,144.0
2024-01-03 14:00:00,346.1,200,8.12,32.8,3337.0,206.0,153.0
2024-01-03 15:00:00,347.9,200,8.13,32.4,3291.0,198.0,152.0
2024-01-03 16:00:00,366.5,200,8.13,31.9,3268.0,203.0,160.0
2024-01-03 17:00:00,373.3,200,8.15,31.5,3366.0,189.0,140.0
2024-01-03 18:00:00,364.4,200,8.14,31.7,3371.0,201.0,156.0
2024-01-03 19:00:00,375.5,200,8.12,31.9,3270.0,170.0,155.0
2024-01-03 20:00:00,372.9,200,8.09,31.9,3207.0,198.0,149.0
2024-01-03 21:00:00,367.3,200,8.01,32.8,3350.0,184.0,153.0
2024-01-03 22:00:00,377.9,200,8.11,32.7,3266.0,212.0,158.0
2024-01-03 23:00:00,389.8,200,8.1,33.7,3340.0,208.0,157.0
2024-01-04 00:00:00,379.7,200,8.1,34.3,3201.0,205.0,141.0
2024-01-04 01:00:00,395.0,200,8.02,34.7,3345.0,215.0,157.0
2024-01-04 02:00:00,364.0,200,8.03,36.0,3239.0,191.0,149.0
2024-01-04 03:00:00,394.1,200,8.13,36.6,3337.0,217.0,151.0
2024-01-04 04:00:00,390.7,200,8.07,37.6,3301.0,209.0,151.0
2024-01-04 05:00:00,390.1,200,8.1,37.6,3252.0,198.0,149.0
2024-01-04 06:00:00,395.7,200,8.07,37.2,3280.0,211.0,160.0
2024-01-04 07:00:00,381.6,200,8.07,38.0,3334.0,189.0,149.0
2024-01-04 08:00:00,398.2,200,8.11,37.5,3305.0,192.0,141.0
2024-01-04 09:00:00,405.4,200,8.03,36.8,3329.0,194.0,147.0
2024-01-04 10:00:00,416.8,200,8.06,35.9,3399.0,195.0,151.0
2024-01-04 11:00:00,403.4,200,8.02,35.0,3222.0,189.0,160.0
2024-01-04 12:00:00,403.5,200,8.02,34.4,3381.0,212.0,155.0
2024-01-04 13:00:00,408.5,200,8.02,34.1,3305.0,197.0,143.0
2024-01-04 14:00:00,422.3,200,8.04,33.6,3255.0,204.0,170.0
2024-01-04 15:00:00,420.1,200,8.0,32.8,3233.0,194.0,152.0
2024-01-04 16:00:00,415.8,200,8.09,31.8,3291.0,182.0,160.0
2024-01-04 17:00:00,426.6,200,7.97,31.3,3346.0,203.0,149.0
2024-01-04 18:00:00,425.8,200,8.0,31.5,3294.0,181.0,154.0
2024-01-04 19:00:00,435.2,200,7.98,31.1,3376.0,199.0,157.0
2024-01-04 20:00:00,424.4,200,8.07,32.0,3227.0,186.0,160.0
2024-01-04 21:00:00,429.9,200,8.0,32.3,3299.0,220.0,158.0
2024-01-04 22:00:00,431.9,200,8.04,32.9,3237.0,209.0,157.0
2024-01-04 23:00:00,425.8,200,7.91,33.2,3318.0,201.0,147.0
2024-01-05 00:00:00,442.4,200,7.99,34.7,3344.0,213.0,145.0
2024-01-05 01:00:00,444.6,200,8.01,35.1,3279.0,192.0,153.0
2024-01-05 02:00:00,445.0,200,7.97,35.6,3170.0,205.0,157.0
2024-01-05 03:00:00,445.6,200,8.01,35.8,3310.0,202.0,148.0
2024-01-05 04:00:00,438.7,200,7.92,37.1,3322.0,203.0,159.0
2024-01-05 05:00:00,449.1,200,8.01,37.9,3320.0,213.0,162.0
2024-01-05 06:00:00,452.3,200,8.05,38.0,3362.0,207.0,143.0
2024-01-05 07:00:00,451.1,200,7.91,37.3,3246.0,203.0,143.0
2024-01-05 08:00:00,458.7,200,7.9,36.9,3334.0,183.0,149.0
2024-01-05 09:00:00,465.7,200,7.99,36.8,3360.0,190.0,152.0
2024-01-05 10:00:00,480.1,200,7.99,35.7,3211.0,199.0,146.0
2024-01-05 11:00:00,468.9,200,7.87,35.4,3316.0,201.0,161.0
2024-01-05 12:00:00,472.1,200,7.87,34.7,3275.0,189.0,153.0
2024-01-05 13:00:00,471.9,200,7.87,34.1,3296.0,224.0,150.0
2024-01-05 14:00:00,459.6,200,7.81,33.0,3317.0,215.0,139.0
2024-01-05 15:00:00,477.3,200,7.82,32.3,3276.0,206.0,139.0
2024-01-05 16:00:00,480.5,200,7.81,31.6,3266.0,201.0,152.0
2024-01-05 17:00:00,502.2,200,7.82,31.4,3302.0,198.0,133.0
2024-01-05 18:00:00,483.5,200,7.85,31.4,3246.0,190.0,158.0
2024-01-05 19:00:00,489.9,200,7.85,31.7,3246.0,201.0,149.0
2024-01-05 20:00:00,489.7,200,7.91,32.2,3334.0,203.0,176.0
2024-01-05 21:00:00,483.2,200,7.77,32.1,3243.0,188.0,168.0
2024-01-05 22:00:00,504.1,200,7.86,33.4,3333.0,203.0,149.0
2024-01-05 23:00:00,503.5,200,7.8,33.6,3323.0,198.0,149.0
2024-01-06 00:00:00,206.3,200,7.8,34.5,3214.0,181.0,158.0
2024-01-06 01:00:00,195.2,200,7.83,35.1,3266.0,191.0,164.0
2024-01-06 02:00:00,216.2,200,7.73,35.3,3360.0,196.0,137.0
2024-01-06 03:00:00,196.3,200,7.8,36.9,3251.0,219.0,136.0
2024-01-06 04:00:00,214.7,200,7.78,37.3,3277.0,206.0,145.0
2024-01-06 05:00:00,230.0,200,7.79,37.3,3323.0,187.0,155.0
2024-01-06 06:00:00,207.1,200,7.77,37.5,3339.0,205.0,154.0
2024-01-06 07:00:00,213.0,200,7.87,37.6,3287.0,185.0,159.0
2024-01-06 08:00:00,220.8,200,7.71,36.6,3270.0,211.0,140.0
2024-01-06 09:00:00,218.5,200,7.7,36.5,3371.0,195.0,131.0
2024-01-06 10:00:00,212.6,200,7.69,36.2,3387.0,199.0,157.0
2024-01-06 11:00:00,228.0,200,7.69,34.9,3349.0,213.0,143.0
2024-01-06 12:00:00,221.5,200,7.68,34.6,3304.0,187.0,134.0
2024-01-06 13:00:00,236.3,200,7.76,33.3,3260.0,186.0,151.0
2024-01-06 14:00:00,227.6,200,7.76,33.1,3258.0,194.0,156.0
2024-01-06 15:00:00,249.9,200,7.66,32.4,3326.0,210.0,149.0
2024-01-06 16:00:00,233.7,200,7.64,31.4,3321.0,185.0,146.0
2024-01-06 17:00:00,239.9,200,7.69,32.0,3370.0,172.0,149.0
2024-01-06 18:00:00,251.5,200,7.64,31.3,3333.0,195.0,147.0
2024-01-06 19:00:00,237.7,200,7.69,31.4,3225.0,206.0,139.0
2024-01-06 20:00:00,251.8,200,7.66,32.0,3353.0,212.0,144.0
2024-01-06 21:00:00,263.0,200,7.57,32.7,3250.0,195.0,154.0
2024-01-06 22:00:00,242.1,200,7.71,32.7,3281.0,196.0,153.0
2024-01-06 23:00:00,259.0,200,7.72,33.7,3313.0,212.0,151.0
2024-01-07 00:00:00,262.1,200,7.59,34.6,3400.0,181.0,142.0
2024-01-07 01:00:00,268.8,200,7.6,35.5,3455.0,196.0,149.0
2024-01-07 02:00:00,255.1,200,7.63,36.1,3330.0,202.0,133.0
2024-01-07 03:00:00,256.9,200,7.62,36.5,3291.0,204.0,151.0
2024-01-07 04:00:00,274.2,200,7.63,36.8,3327.0,195.0,161.0
2024-01-07 05:00:00,274.9,200,7.69,37.4,3344.0,200.0,138.0
2024-01-07 06:00:00,277.0,200,7.58,37.2,3284.0,175.0,145.0
2024-01-07 07:00:00,280.3,200,7.54,36.5,3390.0,193.0,153.0
2024-01-07 08:00:00,274.6,200,7.51,37.2,3312.0,205.0,160.0
2024-01-07 09:00:00,284.4,200,7.54,36.9,3325.0,190.0,146.0
2024-01-07 10:00:00,287.3,200,7.57,35.3,3333.0,201.0,144.0
2024-01-07 11:00:00,281.8,200,7.65,35.0,3321.0,204.0,134.0
2024-01-07 12:00:00,304.9,200,7.53,34.7,3342.0,197.0,151.0
2024-01-07 13:00:00,296.3,200,7.56,34.3,3269.0,202.0,166.0
2024-01-07 14:00:00,285.5,200,7.55,33.0,3272.0,190.0,152.0
2024-01-07 15:00:00,302.8,200,7.6,32.2,3245.0,198.0,150.0
2024-01-07 16:00:00,292.2,200,7.67,31.8,3322.0,206.0,153.0
2024-01-07 17:00:00,308.8,200,7.51,32.0,3339.0,202.0,150.0
2024-01-07 18:00:00,314.3,200,7.51,31.3,3323.0,194.0,143.0
2024-01-07 19:00:00,300.9,200,7.58,31.4,3384.0,202.0,157.0
2024-01-07 20:00:00,317.7,200,7.56,31.8,3300.0,207.0,152.0
2024-01-07 21:00:00,315.8,200,7.62,32.1,3333.0,180.0,150.0
2024-01-07 22:00:00,321.6,200,7.55,33.0,3245.0,212.0,142.0
2024-01-07 23:00:00,332.7,200,7.5,34.2,3281.0,197.0,160.0
2024-01-08 00:00:00,318.0,200,7.54,34.6,3335.0,204.0,155.0
2024-01-08 01:00:00,316.5,200,7.57,35.2,3342.0,212.0,146.0
2024-01-08 02:00:00,317.9,200,7.55,35.9,3285.0,186.0,158.0
2024-01-08 03:00:00,321.0,200,7.53,36.2,3296.0,193.0,146.0
2024-01-08 04:00:00,329.4,200,7.56,37.4,3224.0,197.0,144.0
2024-01-08 05:00:00,335.2,200,7.56,37.4,3282.0,192.0,144.0
2024-01-08 06:00:00,337.2,200,7.57,37.4,3345.0,217.0,136.0
2024-01-08 07:00:00,344.1,200,7.54,38.4,3329.0,191.0,154.0
2024-01-08 08:00:00,340.1,200,7.49,37.2,3325.0,194.0,135.0
2024-01-08 09:00:00,354.1,200,7.51,36.4,3302.0,202.0,140.0
2024-01-08 10:00:00,342.9,200,7.56,35.9,3300.0,188.0,133.0
2024-01-08 11:00:00,369.3,200,7.46,35.6,3267.0,196.0,149.0
2024-01-08 12:00:00,355.0,200,7.52,34.5,3335.0,203.0,149.0
2024-01-08 13:00:00,345.6,200,7.48,33.3,3321.0,197.0,147.0
2024-01-08 14:00:00,346.4,200,7.5,33.3,3325.0,199.0,142.0
2024-01-08 15:00:00,361.4,200,7.56,32.2,3274.0,195.0,141.0
2024-01-08 16:00:00,358.2,200,7.51,32.5,3192.0,185.0,154.0
2024-01-08 17:00:00,368.2,200,7.5,31.9,3355.0,203.0,146.0
2024-01-08 18:00:00,368.8,200,7.44,31.4,3276.0,218.0,153.0
2024-01-08 19:00:00,366.9,200,7.54,32.0,3257.0,200.0,143.0
2024-01-08 20:00:00,363.2,200,7.54,31.9,3335.0,202.0,151.0
2024-01-08 21:00:00,360.4,200,7.62,32.6,3280.0,207.0,160.0
2024-01-08 22:00:00,371.4,200,7.49,33.1,3353.0,187.0,155.0
2024-01-08 23:00:00,384.4,200,7.52,33.5,3331.0,217.0,147.0
2024-01-09 00:00:00,381.7,200,7.53,34.3,3334.0,202.0,152.0
2024-01-09 01:00:00,372.5,200,7.6,35.6,3232.0,216.0,148.0
2024-01-09 02:00:00,386.4,200,7.52,35.9,3361.0,193.0,150.0
2024-01-09 03:00:00,390.6,200,7.54,36.5,3313.0,218.0,147.0
2024-01-09 04:00:00,382.9,200,7.56,36.8,3282.0,208.0,149.0
2024-01-09 05:00:00,393.7,200,7.54,37.5,3307.0,206.0,152.0
2024-01-09 06:00:00,395.5,200,7.51,38.1,3211.0,202.0,142.0
2024-01-09 07:00:00,388.4,200,7.55,37.1,3320.0,198.0,142.0
2024-01-09 08:00:00,402.9,200,7.59,37.1,3249.0,212.0,139.0
2024-01-09 09:00:00,407.0,200,7.49,37.0,3232.0,201.0,137.0
2024-01-09 10:00:00,413.7,200,7.56,36.0,3224.0,180.0,140.0
2024-01-09 11:00:00,415.9,200,7.52,35.4,3356.0,189.0,151.0
2024-01-09 12:00:00,399.0,200,7.62,34.2,3269.0,198.0,143.0
2024-01-09 13:00:00,405.0,200,7.49,33.9,3377.0,203.0,154.0
2024-01-09 14:00:00,419.1,200,7.54,32.9,3273.0,199.0,150.0
2024-01-09 15:00:00,421.6,200,7.59,32.7,3215.0,212.0,134.0
2024-01-09 16:00:00,424.1,200,7.66,32.3,3244.0,180.0,155.0
2024-01-09 17:00:00,453.3,200,7.58,32.4,3362.0,201.0,156.0
2024-01-09 18:00:00,429.6,200,7.56,31.7,3292.0,182.0,142.0
2024-01-09 19:00:00,436.6,200,7.69,31.7,3273.0,208.0,153.0
2024-01-09 20:00:00,437.6,200,7.53,32.0,3308.0,199.0,143.0
2024-01-09 21:00:00,437.7,200,7.5,32.3,3325.0,204.0,151.0
2024-01-09 22:00:00,432.5,200,7.63,33.1,3356.0,191.0,140.0
2024-01-09 23:00:00,443.6,200,7.59,33.6,3372.0,213.0,136.0
2024-01-10 00:00:00,433.8,200,7.57,34.6,3282.0,210.0,147.0
2024-01-10 01:00:00,440.6,200,7.67,35.7,3234.0,206.0,149.0
2024-01-10 02:00:00,441.1,200,7.65,35.7,3279.0,199.0,147.0
2024-01-10 03:00:00,448.2,200,7.62,37.0,3313.0,206.0,141.0
2024-01-10 04:00:00,468.5,200,7.59,37.5,3252.0,193.0,147.0
2024-01-10 05:00:00,437.6,200,7.7,37.4,3252.0,209.0,152.0
2024-01-10 06:00:00,460.5,200,7.7,36.9,3317.0,216.0,150.0
2024-01-10 07:00:00,444.6,200,7.67,37.2,3298.0,211.0,151.0
2024-01-10 08:00:00,456.2,200,7.77,37.5,3302.0,193.0,145.0
2024-01-10 09:00:00,471.2,200,7.63,36.6,3262.0,204.0,159.0
2024-01-10 10:00:00,465.5,200,7.62,35.7,3288.0,187.0,141.0
2024-01-10 11:00:00,458.9,200,7.67,35.1,3254.0,206.0,154.0
2024-01-10 12:00:00,464.3,200,7.71,34.8,3345.0,205.0,159.0
2024-01-10 13:00:00,477.9,200,7.73,33.9,3352.0,181.0,154.0
2024-01-10 14:00:00,469.2,200,7.71,32.9,3208.0,188.0,148.0
2024-01-10 15:00:00,479.2,200,7.75,32.3,3254.0,197.0,146.0
2024-01-10 16:00:00,480.4,200,7.68,31.8,3225.0,197.0,158.0
2024-01-10 17:00:00,477.3,200,7.82,31.3,3267.0,188.0,139.0
2024-01-10 18:00:00,502.2,200,7.75,32.0,3296.0,204.0,142.0
2024-01-10 19:00:00,492.6,200,7.82,31.5,3228.0,203.0,147.0
2024-01-10 20:00:00,473.8,200,7.79,32.3,3254.0,198.0,160.0
2024-01-10 21:00:00,494.0,200,7.8,32.8,3250.0,192.0,153.0
2024-01-10 22:00:00,489.7,200,7.81,33.3,3310.0,210.0,142.0
2024-01-10 23:00:00,504.3,200,7.81,33.6,3303.0,217.0,148.0
2024-01-11 00:00:00,193.7,200,7.83,34.6,3264.0,195.0,145.0
2024-01-11 01:00:00,201.6,200,7.87,35.3,3309.0,194.0,144.0
2024-01-11 02:00:00,209.0,200,7.83,35.7,3273.0,205.0,158.0
2024-01-11 03:00:00,214.4,200,7.86,36.7,3286.0,196.0,139.0
2024-01-11 04:00:00,200.4,200,7.83,36.7,3384.0,199.0,163.0
2024-01-11 05:00:00,209.8,200,7.91,37.8,3367.0,207.0,157.0
2024-01-11 06:00:00,211.2,200,7.81,37.4,3235.0,181.0,159.0
2024-01-11 07:00:00,212.3,200,7.94,37.5,3341.0,213.0,146.0
2024-01-11 08:00:00,234.1,200,7.86,37.2,3341.0,201.0,149.0
2024-01-11 09:00:00,225.7,200,7.8,36.5,3243.0,196.0,139.0
2024-01-11 10:00:00,214.9,200,7.88,36.2,3341.0,199.0,146.0
2024-01-11 11:00:00,234.8,200,7.85,35.1,3377.0,200.0,154.0
2024-01-11 12:00:00,247.0,200,7.93,34.8,3244.0,183.0,160.0
2024-01-11 13:00:00,240.8,200,7.87,33.3,3254.0,215.0,141.0
2024-01-11 14:00:00,222.8,200,7.89,33.0,3351.0,200.0,147.0
2024-01-11 15:00:00,233.6,200,7.82,33.0,3314.0,204.0,149.0
2024-01-11 16:00:00,250.1,200,7.9,31.6,3328.0,210.0,139.0
2024-01-11 17:00:00,236.8,200,7.81,31.4,3317.0,190.0,155.0
2024-01-11 18:00:00,248.6,200,7.86,31.7,3320.0,205.0,144.0
2024-01-11 19:00:00,253.7,200,7.98,31.7,3234.0,197.0,148.0
2024-01-11 20:00:00,242.6,200,7.99,32.0,3352.0,208.0,146.0
2024-01-11 21:00:00,252.0,200,7.98,32.5,3358.0,179.0,144.0
2024-01-11 22:00:00,229.1,200,7.92,33.2,3289.0,199.0,150.0
2024-01-11 23:00:00,249.3,200,7.97,34.1,3298.0,194.0,148.0
2024-01-12 00:00:00,258.0,200,7.98,34.6,3223.0,204.0,147.0
2024-01-12 01:00:00,252.5,200,7.92,35.2,3326.0,205.0,144.0
2024-01-12 02:00:00,278.1,200,8.06,36.2,3329.0,193.0,153.0
2024-01-12 03:00:00,256.1,200,8.04,37.2,3297.0,193.0,163.0
2024-01-12 04:00:00,266.5,200,7.99,37.1,3356.0,199.0,151.0
2024-01-12 05:00:00,273.5,200,8.01,37.1,3283.0,191.0,158.0
2024-01-12 06:00:00,286.5,200,8.02,37.8,3328.0,208.0,139.0
2024-01-12 07:00:00,266.0,200,7.92,37.4,3249.0,196.0,151.0
2024-01-12 08:00:00,289.3,200,8.01,36.4,3299.0,171.0,141.0
2024-01-12 09:00:00,282.6,200,7.99,36.9,3291.0,196.0,138.0
2024-01-12 10:00:00,277.1,200,7.98,35.8,3311.0,190.0,144.0
2024-01-12 11:00:00,291.2,200,8.02,35.2,3282.0,184.0,160.0
2024-01-12 12:00:00,291.6,200,8.13,34.6,3293.0,188.0,158.0
2024-01-12 13:00:00,287.7,200,8.08,33.8,3341.0,201.0,152.0
2024-01-12 14:00:00,295.6,200,8.02,33.2,3278.0,213.0,138.0
2024-01-12 15:00:00,294.4,200,8.08,32.2,3220.0,203.0,148.0
2024-01-12 16:00:00,300.9,200,8.13,32.1,3387.0,194.0,152.0
2024-01-12 17:00:00,307.8,200,8.11,31.5,3369.0,205.0,151.0
2024-01-12 18:00:00,317.7,200,8.07,31.7,3235.0,195.0,135.0
2024-01-12 19:00:00,297.6,200,8.04,31.8,3334.0,193.0,143.0
2024-01-12 20:00:00,327.1,200,8.11,31.6,3275.0,188.0,149.0
2024-01-12 21:00:00,296.9,200,8.1,32.7,3313.0,182.0,154.0
2024-01-12 22:00:00,313.8,200,8.12,32.8,3315.0,196.0,132.0
2024-01-12 23:00:00,322.2,200,8.11,34.0,3288.0,202.0,149.0
2024-01-13 00:00:00,322.2,200,8.14,34.6,3261.0,199.0,151.0
2024-01-13 01:00:00,317.5,200,8.06,35.8,3265.0,196.0,157.0
2024-01-13 02:00:00,323.3,200,8.16,35.9,3254.0,191.0,156.0
2024-01-13 03:00:00,323.6,200,8.1,36.5,3258.0,206.0,155.0
2024-01-13 04:00:00,325.3,200,8.2,37.1,3297.0,187.0,144.0
2024-01-13 05:00:00,339.3,200,8.06,37.3,3264.0,208.0,135.0
2024-01-13 06:00:00,337.9,200,8.18,37.7,3334.0,190.0,147.0
2024-01-13 07:00:00,332.0,200,8.11,36.9,3374.0,192.0,158.0
2024-01-13 08:00:00,347.2,200,8.07,36.8,3271.0,185.0,161.0
2024-01-13 09:00:00,345.0,200,8.07,36.3,3312.0,195.0,156.0
2024-01-13 10:00:00,351.5,200,8.08,36.3,3325.0,210.0,153.0
2024-01-13 11:00:00,352.5,200,8.12,35.8,3324.0,205.0,153.0
2024-01-13 12:00:00,343.4,200,8.13,34.5,3304.0,210.0,146.0
2024-01-13 13:00:00,348.0,200,8.07,33.7,3337.0,205.0,149.0
2024-01-13 14:00:00,361.0,200,8.1,33.0,3324.0,189.0,163.0
2024-01-13 15:00:00,362.4,200,8.21,32.7,3238.0,197.0,142.0
2024-01-13 16:00:00,359.8,200,8.18,31.6,3343.0,192.0,163.0
2024-01-13 17:00:00,363.4,200,8.12,31.7,3344.0,213.0,147.0
2024-01-13 18:00:00,375.2,200,8.1,31.8,3262.0,188.0,161.0
2024-01-13 19:00:00,362.8,200,8.1,31.8,3302.0,209.0,139.0
2024-01-13 20:00:00,374.4,200,8.12,32.0,3334.0,209.0,155.0
2024-01-13 21:00:00,370.9,200,8.04,32.7,3290.0,218.0,144.0
2024-01-13 22:00:00,373.3,200,8.08,32.2,3354.0,196.0,139.0
2024-01-13 23:00:00,386.3,200,8.0,33.9,3418.0,207.0,152.0
2024-01-14 00:00:00,386.6,200,8.11,34.3,3261.0,223.0,158.0
2024-01-14 01:00:00,389.0,200,8.12,34.7,3231.0,194.0,143.0
2024-01-14 02:00:00,395.4,200,8.06,36.2,3315.0,185.0,138.0
2024-01-14 03:00:00,387.7,200,8.16,37.0,3336.0,181.0,149.0
2024-01-14 04:00:00,395.5,200,8.01,37.1,3288.0,207.0,149.0
2024-01-14 05:00:00,390.0,200,8.0,37.7,3373.0,181.0,154.0
2024-01-14 06:00:00,397.6,200,8.08,38.0,3233.0,196.0,158.0
2024-01-14 07:00:00,396.5,200,8.12,37.8,3335.0,204.0,150.0
2024-01-14 08:00:00,400.8,200,8.14,37.6,3270.0,202.0,165.0
2024-01-14 09:00:00,407.3,200,8.03,36.8,3386.0,204.0,152.0
2024-01-14 10:00:00,398.5,200,8.11,36.0,3400.0,202.0,147.0
2024-01-14 11:00:00,424.2,200,8.05,34.8,3262.0,213.0,137.0
2024-01-14 12:00:00,402.0,200,8.03,34.4,3273.0,190.0,148.0
2024-01-14 13:00:00,402.8,200,8.08,33.5,3343.0,193.0,147.0
2024-01-14 14:00:00,424.3,200,8.07,33.7,3281.0,192.0,158.0
2024-01-14 15:00:00,423.8,200,7.95,32.3,3298.0,208.0,154.0
2024-01-14 16:00:00,425.0,200,8.1,31.9,3301.0,209.0,141.0
2024-01-14 17:00:00,427.5,200,8.09,31.8,3204.0,205.0,151.0
2024-01-14 18:00:00,424.9,200,7.98,31.5,3299.0,212.0,155.0
2024-01-14 19:00:00,420.3,200,8.03,32.1,3266.0,188.0,162.0
2024-01-14 20:00:00,430.6,200,8.03,31.7,3275.0,217.0,157.0
2024-01-14 21:00:00,427.1,200,8.01,32.4,3372.0,215.0,156.0
2024-01-14 22:00:00,442.8,200,7.96,32.8,3237.0,207.0,150.0
2024-01-14 23:00:00,436.3,200,7.95,33.3,3341.0,218.0,153.0
2024-01-15 00:00:00,433.4,200,7.98,34.3,3286.0,183.0,160.0
2024-01-15 01:00:00,439.9,200,8.03,35.3,3286.0,195.0,139.0
2024-01-15 02:00:00,448.3,200,7.99,35.9,3340.0,193.0,147.0
2024-01-15 03:00:00,443.0,200,7.94,36.4,3317.0,207.0,144.0
2024-01-15 04:00:00,443.4,200,7.99,36.7,3329.0,189.0,153.0
2024-01-15 05:00:00,454.4,200,7.8,37.4,3348.0,208.0,160.0
2024-01-15 06:00:00,457.0,200,7.99,37.0,3283.0,214.0,145.0
2024-01-15 07:00:00,453.4,200,7.84,37.6,3269.0,207.0,131.0
2024-01-15 08:00:00,456.2,200,7.9,37.1,3246.0,203.0,147.0
2024-01-15 09:00:00,464.4,200,7.86,36.2,3259.0,190.0,157.0
2024-01-15 10:00:00,453.4,200,7.84,35.9,3447.0,192.0,154.0
2024-01-15 11:00:00,456.2,200,7.96,35.1,3362.0,212.0,153.0
2024-01-15 12:00:00,464.3,200,7.87,34.6,3232.0,208.0,148.0
2024-01-15 13:00:00,470.8,200,7.9,34.1,3234.0,200.0,140.0
2024-01-15 14:00:00,477.5,200,7.88,32.4,3324.0,196.0,154.0
2024-01-15 15:00:00,489.3,200,7.89,32.4,3327.0,180.0,143.0
2024-01-15 16:00:00,486.9,200,7.87,31.9,3327.0,189.0,167.0
2024-01-15 17:00:00,481.2,200,7.79,31.8,3287.0,219.0,155.0
2024-01-15 18:00:00,484.8,200,7.9,31.6,3294.0,187.0,145.0
2024-01-15 19:00:00,479.5,200,7.81,31.4,3316.0,202.0,145.0
2024-01-15 20:00:00,489.9,200,7.75,31.8,3304.0,210.0,149.0
2024-01-15 21:00:00,490.2,200,7.8,32.1,3189.0,187.0,148.0
2024-01-15 22:00:00,497.6,200,7.89,33.3,3289.0,202.0,159.0
2024-01-15 23:00:00,490.9,200,7.85,33.7,3257.0,209.0,151.0
2024-01-16 00:00:00,204.2,200,7.78,35.1,3309.0,200.0,144.0
2024-01-16 01:00:00,214.8,200,7.77,35.3,3449.0,229.0,165.0
2024-01-16 02:00:00,204.1,200,7.77,35.8,3318.0,183.0,150.0
2024-01-16 03:00:00,210.7,200,7.88,36.2,3284.0,211.0,156.0
2024-01-16 04:00:00,215.5,200,7.79,36.6,3346.0,198.0,145.0
2024-01-16 05:00:00,209.3,200,7.78,36.9,3324.0,208.0,153.0
2024-01-16 06:00:00,216.8,200,7.8,37.6,3321.0,204.0,152.0
2024-01-16 07:00:00,217.6,200,7.76,37.6,3330.0,193.0,135.0
2024-01-16 08:00:00,220.8,200,7.72,36.6,3403.0,202.0,166.0
2024-01-16 09:00:00,216.3,200,7.72,36.9,3243.0,181.0,160.0
2024-01-16 10:00:00,225.2,200,7.72,35.9,3324.0,206.0,147.0
2024-01-16 11:00:00,231.5,200,7.71,35.3,3254.0,203.0,141.0
2024-01-16 12:00:00,241.6,200,7.74,35.0,3328.0,206.0,153.0
2024-01-16 13:00:00,240.2,200,7.7,34.0,3254.0,211.0,151.0
2024-01-16 14:00:00,252.2,200,7.73,32.9,3279.0,204.0,153.0
2024-01-16 15:00:00,231.4,200,7.68,32.1,3285.0,201.0,152.0
2024-01-16 16:00:00,247.0,200,7.68,31.3,3349.0,191.0,154.0
2024-01-16 17:00:00,244.0,200,7.57,31.4,3346.0,193.0,162.0
2024-01-16 18:00:00,262.5,200,7.71,31.4,3238.0,212.0,155.0
2024-01-16 19:00:00,241.0,200,7.67,31.3,3303.0,214.0,142.0
2024-01-16 20:00:00,243.3,200,7.7,31.9,3265.0,198.0,161.0
2024-01-16 21:00:00,247.7,200,7.5,32.4,3237.0,200.0,163.0
2024-01-16 22:00:00,238.0,200,7.74,32.9,3289.0,191.0,175.0
2024-01-16 23:00:00,253.3,200,7.62,33.5,3285.0,212.0,141.0
2024-01-17 00:00:00,253.9,200,7.68,34.6,3421.0,207.0,152.0
2024-01-17 01:00:00,263.7,200,7.57,35.4,3322.0,219.0,133.0
2024-01-17 02:00:00,267.7,200,7.64,35.7,3231.0,191.0,154.0
2024-01-17 03:00:00,282.5,200,7.55,37.0,3272.0,196.0,146.0
2024-01-17 04:00:00,277.6,200,7.57,37.1,3351.0,202.0,165.0
2024-01-17 05:00:00,267.9,200,7.69,37.4,3404.0,206.0,144.0
2024-01-17 06:00:00,267.8,200,7.58,37.7,3221.0,198.0,136.0
2024-01-17 07:00:00,281.4,200,7.59,37.5,3206.0,191.0,146.0
2024-01-17 08:00:00,269.4,200,7.62,37.4,3394.0,209.0,134.0
2024-01-17 09:00:00,297.2,200,7.6,36.7,3319.0,207.0,156.0
2024-01-17 10:00:00,294.4,200,7.57,35.8,3257.0,191.0,133.0
2024-01-17 11:00:00,283.7,200,7.58,35.4,3327.0,214.0,150.0
2024-01-17 12:00:00,276.3,200,7.68,34.2,3168.0,212.0,133.0
2024-01-17 13:00:00,303.3,200,7.55,33.8,3300.0,201.0,147.0
2024-01-17 14:00:00,294.1,200,7.56,33.0,3316.0,201.0,163.0
2024-01-17 15:00:00,307.4,200,7.6,32.3,3346.0,206.0,153.0
2024-01-17 16:00:00,287.2,200,7.6,31.9,3249.0,191.0,143.0
2024-01-17 17:00:00,297.7,200,7.6,31.0,3304.0,200.0,150.0
2024-01-17 18:00:00,305.0,200,7.56,31.3,3254.0,178.0,150.0
2024-01-17 19:00:00,307.9,200,7.47,31.6,3313.0,209.0,154.0
2024-01-17 20:00:00,306.4,200,7.61,31.9,3255.0,184.0,139.0
2024-01-17 21:00:00,317.5,200,7.47,32.1,3280.0,215.0,155.0
2024-01-17 22:00:00,306.5,200,7.54,33.4,3250.0,197.0,128.0
2024-01-17 23:00:00,316.4,200,7.48,33.5,3333.0,198.0,145.0
2024-01-18 00:00:00,321.0,200,7.51,34.8,3343.0,194.0,146.0
2024-01-18 01:00:00,326.6,200,7.53,35.4,3288.0,197.0,155.0
2024-01-18 02:00:00,330.7,200,7.53,35.8,3302.0,214.0,150.0
2024-01-18 03:00:00,318.5,200,7.53,37.2,3228.0,175.0,139.0
2024-01-18 04:00:00,317.7,200,7.59,36.7,3285.0,213.0,142.0
2024-01-18 05:00:00,342.7,200,7.53,37.7,3297.0,203.0,152.0
2024-01-18 06:00:00,337.7,200,7.49,37.8,3431.0,188.0,149.0
2024-01-18 07:00:00,331.5,200,7.55,37.2,3244.0,189.0,145.0
2024-01-18 08:00:00,352.4,200,7.56,37.5,3373.0,217.0,146.0
2024-01-18 09:00:00,343.4,200,7.44,36.5,3350.0,191.0,156.0
2024-01-18 10:00:00,354.4,200,7.53,36.1,3314.0,188.0,146.0
2024-01-18 11:00:00,348.0,200,7.54,35.4,3388.0,211.0,149.0
2024-01-18 12:00:00,366.5,200,7.49,34.5,3319.0,203.0,167.0
2024-01-18 13:00:00,366.5,200,7.57,34.0,3319.0,191.0,139.0
2024-01-18 14:00:00,353.0,200,7.49,33.2,3297.0,202.0,135.0
2024-01-18 15:00:00,365.3,200,7.51,31.9,3361.0,190.0,156.0
2024-01-18 16:00:00,365.2,200,7.49,32.3,3355.0,211.0,145.0
2024-01-18 17:00:00,373.4,200,7.5,31.1,3269.0,211.0,147.0
2024-01-18 18:00:00,357.3,200,7.45,31.8,3234.0,205.0,144.0
2024-01-18 19:00:00,373.0,200,7.43,31.9,3290.0,204.0,148.0
2024-01-18 20:00:00,378.5,200,7.59,31.6,3260.0,218.0,163.0
2024-01-18 21:00:00,358.4,200,7.47,32.3,3297.0,200.0,156.0
2024-01-18 22:00:00,365.5,200,7.46,32.7,3362.0,188.0,157.0
2024-01-18 23:00:00,361.2,200,7.4,33.7,3277.0,204.0,139.0
2024-01-19 00:00:00,377.8,200,7.48,34.4,3298.0,221.0,141.0
2024-01-19 01:00:00,388.2,200,7.45,35.5,3303.0,190.0,127.0
2024-01-19 02:00:00,397.0,200,7.6,36.4,3342.0,196.0,144.0
2024-01-19 03:00:00,388.1,200,7.57,37.0,3188.0,204.0,158.0
2024-01-19 04:00:00,403.0,200,7.49,36.9,3270.0,199.0,154.0
2024-01-19 05:00:00,381.5,200,7.64,37.3,3311.0,190.0,148.0
2024-01-19 06:00:00,381.4,200,7.58,37.0,3360.0,211.0,150.0
2024-01-19 07:00:00,397.1,200,7.52,37.2,3275.0,223.0,144.0
2024-01-19 08:00:00,403.1,200,7.42,37.4,3206.0,202.0,152.0
2024-01-19 09:00:00,402.2,200,7.66,37.1,3331.0,191.0,156.0
2024-01-19 10:00:00,388.5,200,7.48,35.6,3268.0,185.0,137.0
2024-01-19 11:00:00,406.8,200,7.47,35.1,3241.0,203.0,152.0
2024-01-19 12:00:00,399.6,200,7.61,34.5,3269.0,211.0,157.0
2024-01-19 13:00:00,417.9,200,7.68,33.8,3291.0,205.0,147.0
2024-01-19 14:00:00,417.9,200,7.64,32.8,3270.0,200.0,156.0
2024-01-19 15:00:00,410.0,200,7.6,32.5,3190.0,194.0,173.0
2024-01-19 16:00:00,415.9,200,7.61,31.8,3345.0,189.0,149.0
2024-01-19 17:00:00,414.0,200,7.63,31.6,3364.0,208.0,153.0
2024-01-19 18:00:00,424.5,200,7.63,31.7,3333.0,209.0,144.0
2024-01-19 19:00:00,435.1,200,7.61,31.6,3243.0,185.0,151.0
2024-01-19 20:00:00,422.1,200,7.6,31.8,3290.0,216.0,154.0
2024-01-19 21:00:00,436.5,200,7.6,32.3,3300.0,206.0,152.0
2024-01-19 22:00:00,430.8,200,7.57,33.0,3330.0,214.0,142.0
2024-01-19 23:00:00,431.2,200,7.6,33.6,3333.0,187.0,152.0
2024-01-20 00:00:00,439.1,200,7.54,34.4,3263.0,186.0,162.0
2024-01-20 01:00:00,434.2,200,7.63,35.8,3304.0,199.0,154.0
2024-01-20 02:00:00,440.6,200,7.59,36.2,3323.0,205.0,158.0
2024-01-20 03:00:00,437.9,200,7.59,36.5,3373.0,218.0,148.0
2024-01-20 04:00:00,465.7,200,7.66,37.3,3335.0,207.0,156.0
2024-01-20 05:00:00,452.8,200,7.73,37.3,3339.0,198.0,152.0
2024-01-20 06:00:00,449.4,200,7.71,37.9,3304.0,190.0,142.0
2024-01-20 07:00:00,459.2,200,7.59,37.5,3371.0,212.0,153.0
2024-01-20 08:00:00,459.1,200,7.63,37.1,3320.0,190.0,142.0
2024-01-20 09:00:00,460.7,200,7.73,36.8,3257.0,216.0,145.0
2024-01-20 10:00:00,469.9,200,7.64,35.5,3370.0,197.0,152.0
2024-01-20 11:00:00,473.6,200,7.69,34.9,3335.0,216.0,152.0
2024-01-20 12:00:00,465.8,200,7.73,34.1,3278.0,207.0,140.0
2024-01-20 13:00:00,467.9,200,7.67,33.8,3276.0,199.0,158.0
2024-01-20 14:00:00,472.8,200,7.73,33.5,3315.0,195.0,155.0
2024-01-20 15:00:00,459.1,200,7.66,33.0,3323.0,197.0,144.0
2024-01-20 16:00:00,467.9,200,7.71,32.1,3310.0,204.0,138.0
2024-01-20 17:00:00,493.4,200,7.76,31.8,3316.0,201.0,149.0
2024-01-20 18:00:00,498.2,200,7.67,31.0,3385.0,194.0,146.0
2024-01-20 19:00:00,485.5,200,7.78,31.4,3354.0,198.0,151.0
2024-01-20 20:00:00,494.6,200,7.77,31.7,3310.0,201.0,147.0
2024-01-20 21:00:00,495.0,200,7.8,32.2,3347.0,179.0,134.0
2024-01-20 22:00:00,519.6,200,7.8,32.9,3248.0,205.0,147.0
2024-01-20 23:00:00,506.5,200,7.86,33.6,3320.0,190.0,148.0
2024-01-21 00:00:00,199.0,200,7.81,33.9,3390.0,188.0,155.0
2024-01-21 01:00:00,194.9,200,7.79,35.5,3289.0,183.0,144.0
2024-01-21 02:00:00,192.1,200,7.82,35.7,3258.0,182.0,163.0
2024-01-21 03:00:00,209.1,200,7.85,36.7,3267.0,186.0,135.0
2024-01-21 04:00:00,203.9,200,7.83,37.7,3246.0,193.0,160.0
2024-01-21 05:00:00,201.1,200,7.84,37.1,3261.0,220.0,148.0
2024-01-21 06:00:00,209.8,200,7.81,36.7,3281.0,195.0,157.0
2024-01-21 07:00:00,208.8,200,7.82,37.3,3230.0,202.0,151.0
2024-01-21 08:00:00,233.5,200,7.79,37.4,3301.0,204.0,159.0
2024-01-21 09:00:00,229.6,200,7.96,37.2,3345.0,201.0,147.0
2024-01-21 10:00:00,224.9,200,7.82,35.6,3255.0,199.0,141.0
2024-01-21 11:00:00,239.3,200,7.85,35.4,3376.0,188.0,161.0
2024-01-21 12:00:00,230.6,200,7.86,34.4,3326.0,215.0,149.0
2024-01-21 13:00:00,225.6,200,7.94,33.7,3352.0,218.0,152.0
2024-01-21 14:00:00,247.2,200,7.89,33.8,3267.0,183.0,160.0
2024-01-21 15:00:00,241.8,200,7.98,31.9,3343.0,190.0,142.0
2024-01-21 16:00:00,231.7,200,7.89,32.0,3245.0,197.0,155.0
2024-01-21 17:00:00,241.0,200,7.94,31.7,3345.0,190.0,145.0
2024-01-21 18:00:00,238.0,200,7.89,31.8,3309.0,205.0,149.0
2024-01-21 19:00:00,236.4,200,8.05,31.6,3328.0,193.0,151.0
2024-01-21 20:00:00,257.4,200,7.89,32.0,3241.0,222.0,138.0
2024-01-21 21:00:00,267.8,200,7.97,32.3,3255.0,212.0,144.0
2024-01-21 22:00:00,243.8,200,8.0,33.1,3330.0,202.0,161.0
2024-01-21 23:00:00,262.0,200,7.99,33.6,3253.0,210.0,157.0
2024-01-22 00:00:00,254.8,200,7.97,34.7,3323.0,211.0,149.0
2024-01-22 01:00:00,258.6,200,7.98,35.2,3232.0,194.0,152.0
2024-01-22 02:00:00,260.3,200,7.99,36.1,3342.0,192.0,148.0
2024-01-22 03:00:00,260.6,200,7.99,36.6,3238.0,201.0,161.0
2024-01-22 04:00:00,270.4,200,8.05,37.4,3328.0,209.0,148.0
2024-01-22 05:00:00,265.9,200,8.12,37.4,3331.0,201.0,152.0
2024-01-22 06:00:00,277.2,200,7.98,37.0,3265.0,184.0,159.0
2024-01-22 07:00:00,277.1,200,7.95,37.8,3329.0,192.0,144.0
2024-01-22 08:00:00,278.1,200,8.02,36.8,3313.0,199.0,162.0
2024-01-22 09:00:00,275.2,200,8.16,36.4,3273.0,199.0,138.0
2024-01-22 10:00:00,280.4,200,7.99,35.8,3250.0,220.0,163.0
2024-01-22 11:00:00,293.5,200,8.12,35.7,3202.0,186.0,147.0
2024-01-22 12:00:00,294.0,200,8.13,33.9,3317.0,205.0,148.0
2024-01-22 13:00:00,284.7,200,8.02,34.7,3222.0,215.0,135.0
2024-01-22 14:00:00,295.8,200,8.08,33.3,3305.0,223.0,146.0
2024-01-22 15:00:00,303.5,200,8.14,32.4,3287.0,196.0,142.0
2024-01-22 16:00:00,286.6,200,8.04,31.9,3334.0,205.0,145.0
2024-01-22 17:00:00,306.8,200,8.05,31.7,3285.0,206.0,149.0
2024-01-22 18:00:00,299.7,200,8.04,31.7,3284.0,202.0,158.0
2024-01-22 19:00:00,312.1,200,8.02,31.8,3337.0,199.0,152.0
2024-01-22 20:00:00,303.9,200,8.04,32.1,3317.0,204.0,152.0
2024-01-22 21:00:00,298.1,200,8.02,32.4,3316.0,175.0,141.0
2024-01-22 22:00:00,302.0,200,8.08,32.9,3323.0,207.0,143.0
2024-01-22 23:00:00,317.9,200,8.04,33.7,3223.0,201.0,164.0
2024-01-23 00:00:00,322.1,200,8.1,34.4,3338.0,198.0,144.0
2024-01-23 01:00:00,315.3,200,8.01,35.6,3331.0,220.0,163.0
2024-01-23 02:00:00,330.1,200,8.11,36.2,3249.0,193.0,148.0
2024-01-23 03:00:00,314.2,200,8.13,35.7,3288.0,196.0,150.0
2024-01-23 04:00:00,329.5,200,7.99,37.3,3298.0,220.0,159.0
2024-01-23 05:00:00,322.8,200,8.11,37.5,3293.0,192.0,160.0
2024-01-23 06:00:00,329.8,200,8.16,37.5,3317.0,194.0,149.0
2024-01-23 07:00:00,337.9,200,8.04,37.3,3372.0,199.0,147.0
2024-01-23 08:00:00,333.1,200,8.18,37.4,3354.0,208.0,150.0
2024-01-23 09:00:00,339.4,200,8.12,36.9,3234.0,202.0,153.0
2024-01-23 10:00:00,353.1,200,8.06,35.8,3331.0,187.0,157.0
2024-01-23 11:00:00,342.9,200,8.1,35.4,3366.0,195.0,150.0
2024-01-23 12:00:00,356.7,200,8.13,34.2,3319.0,194.0,155.0
2024-01-23 13:00:00,343.5,200,8.1,33.3,3355.0,199.0,163.0
2024-01-23 14:00:00,359.2,200,8.13,32.8,3401.0,204.0,153.0
2024-01-23 15:00:00,369.0,200,8.05,32.6,3351.0,204.0,152.0
2024-01-23 16:00:00,340.2,200,8.11,32.2,3312.0,182.0,138.0
2024-01-23 17:00:00,356.1,200,8.03,31.8,3352.0,211.0,129.0
2024-01-23 18:00:00,369.6,200,8.09,31.7,3307.0,203.0,153.0
2024-01-23 19:00:00,365.9,200,8.05,31.8,3301.0,214.0,149.0
2024-01-23 20:00:00,373.0,200,8.06,31.7,3282.0,204.0,146.0
2024-01-23 21:00:00,367.7,200,8.15,32.5,3378.0,211.0,152.0
2024-01-23 22:00:00,375.7,200,8.14,33.2,3259.0,205.0,150.0
2024-01-23 23:00:00,376.3,200,8.12,33.9,3377.0,213.0,159.0
2024-01-24 00:00:00,389.3,200,8.03,34.9,3325.0,205.0,151.0
2024-01-24 01:00:00,384.5,200,8.07,35.5,3230.0,199.0,144.0
2024-01-24 02:00:00,387.7,200,8.14,36.1,3318.0,223.0,158.0
2024-01-24 03:00:00,384.2,200,8.08,36.9,3195.0,209.0,148.0
2024-01-24 04:00:00,386.1,200,8.19,37.1,3331.0,206.0,154.0
2024-01-24 05:00:00,389.0,200,8.09,37.1,3344.0,187.0,146.0
2024-01-24 06:00:00,398.2,200,8.08,37.5,3270.0,187.0,145.0
2024-01-24 07:00:00,394.1,200,8.05,37.2,3306.0,203.0,151.0
2024-01-24 08:00:00,402.3,200,8.07,36.9,3398.0,201.0,150.0
2024-01-24 09:00:00,419.1,200,8.05,36.6,3275.0,194.0,154.0
2024-01-24 10:00:00,412.0,200,8.09,35.8,3247.0,201.0,148.0
2024-01-24 11:00:00,404.9,200,8.1,35.2,3374.0,216.0,135.0
2024-01-24 12:00:00,419.6,200,8.0,33.9,3398.0,207.0,147.0
2024-01-24 13:00:00,409.2,200,7.97,33.8,3300.0,189.0,156.0
2024-01-24 14:00:00,398.7,200,7.94,33.0,3351.0,199.0,148.0
2024-01-24 15:00:00,409.4,200,8.05,32.1,3367.0,192.0,148.0
2024-01-24 16:00:00,405.0,200,7.97,32.1,3263.0,196.0,158.0
2024-01-24 17:00:00,419.7,200,7.91,31.9,3276.0,196.0,144.0
2024-01-24 18:00:00,425.1,200,8.03,31.0,3362.0,195.0,138.0
2024-01-24 19:00:00,440.9,200,8.13,31.4,3384.0,187.0,149.0
2024-01-24 20:00:00,432.6,200,8.0,31.7,3328.0,199.0,146.0
2024-01-24 21:00:00,430.7,200,8.04,32.1,3256.0,194.0,142.0
2024-01-24 22:00:00,441.6,200,7.99,33.2,3399.0,171.0,149.0
2024-01-24 23:00:00,419.8,200,7.98,33.7,3273.0,221.0,154.0
2024-01-25 00:00:00,441.9,200,8.02,34.4,3283.0,211.0,150.0
2024-01-25 01:00:00,448.7,200,7.96,34.7,3317.0,196.0,152.0
2024-01-25 02:00:00,433.2,200,7.98,36.2,3378.0,200.0,165.0
2024-01-25 03:00:00,456.7,200,7.97,36.2,3343.0,188.0,147.0
2024-01-25 04:00:00,452.7,200,7.92,37.1,3321.0,217.0,152.0
2024-01-25 05:00:00,449.2,200,7.99,37.5,3323.0,219.0,146.0
2024-01-25 06:00:00,460.1,200,7.93,37.9,3302.0,202.0,143.0
2024-01-25 07:00:00,475.7,200,7.89,37.0,3328.0,210.0,145.0
2024-01-25 08:00:00,461.5,200,7.95,36.2,3174.0,202.0,146.0
2024-01-25 09:00:00,464.5,200,7.87,36.7,3285.0,187.0,153.0
2024-01-25 10:00:00,461.3,200,7.91,36.5,3312.0,196.0,169.0
2024-01-25 11:00:00,460.7,200,7.9,35.6,3242.0,201.0,144.0
2024-01-25 12:00:00,476.6,200,7.95,34.6,3319.0,195.0,147.0
2024-01-25 13:00:00,465.7,200,7.91,33.6,3290.0,198.0,149.0
2024-01-25 14:00:00,475.6,200,7.88,33.2,3388.0,199.0,153.0
2024-01-25 15:00:00,473.7,200,7.91,32.1,3379.0,199.0,152.0
2024-01-25 16:00:00,483.8,200,7.93,32.0,3277.0,201.0,160.0
2024-01-25 17:00:00,485.2,200,7.88,31.8,3292.0,189.0,131.0
2024-01-25 18:00:00,493.3,200,7.85,31.8,3296.0,193.0,131.0
2024-01-25 19:00:00,483.4,200,7.77,32.4,3277.0,187.0,146.0
2024-01-25 20:00:00,487.8,200,7.78,32.0,3310.0,210.0,159.0
2024-01-25 21:00:00,484.7,200,7.81,32.2,3262.0,179.0,137.0
2024-01-25 22:00:00,491.4,200,7.79,33.0,3243.0,212.0,126.0
2024-01-25 23:00:00,500.5,200,7.8,33.2,3331.0,214.0,155.0
2024-01-26 00:00:00,206.1,200,7.8,34.3,3331.0,197.0,152.0
2024-01-26 01:00:00,195.1,200,7.82,35.2,3260.0,174.0,141.0
2024-01-26 02:00:00,212.0,200,7.78,35.8,3345.0,196.0,142.0
2024-01-26 03:00:00,218.3,200,7.8,36.7,3268.0,199.0,142.0
2024-01-26 04:00:00,213.3,200,7.77,36.9,3313.0,190.0,151.0
2024-01-26 05:00:00,227.5,200,7.66,37.7,3341.0,195.0,145.0
2024-01-26 06:00:00,208.8,200,7.71,37.5,3298.0,215.0,154.0
2024-01-26 07:00:00,207.5,200,7.74,37.4,3323.0,207.0,127.0
2024-01-26 08:00:00,205.8,200,7.68,37.0,3274.0,191.0,143.0
2024-01-26 09:00:00,234.5,200,7.76,36.7,3290.0,184.0,141.0
2024-01-26 10:00:00,230.2,200,7.8,36.2,3290.0,197.0,148.0
2024-01-26 11:00:00,227.1,200,7.78,35.0,3263.0,198.0,146.0
2024-01-26 12:00:00,232.2,200,7.7,34.3,3291.0,205.0,156.0
2024-01-26 13:00:00,223.5,200,7.77,33.6,3223.0,195.0,135.0
2024-01-26 14:00:00,254.6,200,7.7,32.6,3275.0,205.0,150.0
2024-01-26 15:00:00,238.5,200,7.67,32.1,3286.0,219.0,154.0
2024-01-26 16:00:00,240.9,200,7.65,31.8,3287.0,208.0,165.0
2024-01-26 17:00:00,248.3,200,7.66,31.9,3288.0,200.0,146.0
2024-01-26 18:00:00,248.8,200,7.64,31.6,3297.0,198.0,153.0
2024-01-26 19:00:00,249.3,200,7.67,31.7,3324.0,196.0,136.0
2024-01-26 20:00:00,243.7,200,7.66,32.2,3344.0,212.0,131.0
2024-01-26 21:00:00,256.3,200,7.64,32.3,3268.0,194.0,157.0
2024-01-26 22:00:00,270.1,200,7.66,33.1,3240.0,200.0,150.0
2024-01-26 23:00:00,268.3,200,7.69,33.7,3248.0,201.0,159.0
2024-01-27 00:00:00,272.7,200,7.67,34.6,3276.0,195.0,139.0
2024-01-27 01:00:00,258.4,200,7.54,35.1,3282.0,186.0,154.0
2024-01-27 02:00:00,257.1,200,7.48,35.3,3262.0,203.0,165.0
2024-01-27 03:00:00,266.5,200,7.65,36.6,3235.0,199.0,153.0
2024-01-27 04:00:00,270.4,200,7.53,37.5,3277.0,205.0,152.0
2024-01-27 05:00:00,281.3,200,7.58,37.7,3309.0,195.0,150.0
2024-01-27 06:00:00,261.5,200,7.53,37.8,3330.0,212.0,137.0
2024-01-27 07:00:00,289.7,200,7.49,37.8,3272.0,191.0,161.0
2024-01-27 08:00:00,278.7,200,7.6,37.1,3279.0,217.0,145.0
2024-01-27 09:00:00,279.1,200,7.61,36.7,3254.0,183.0,154.0
2024-01-27 10:00:00,276.9,200,7.54,35.8,3298.0,204.0,137.0
2024-01-27 11:00:00,274.3,200,7.43,35.2,3258.0,205.0,141.0
2024-01-27 12:00:00,296.6,200,7.53,34.7,3329.0,192.0,161.0
2024-01-27 13:00:00,293.1,200,7.57,34.1,3211.0,204.0,147.0
2024-01-27 14:00:00,284.7,200,7.47,33.0,3282.0,213.0,162.0
2024-01-27 15:00:00,287.1,200,7.55,32.2,3315.0,178.0,149.0
2024-01-27 16:00:00,297.3,200,7.54,31.9,3309.0,205.0,135.0
2024-01-27 17:00:00,315.9,200,7.57,31.8,3435.0,175.0,157.0
2024-01-27 18:00:00,302.9,200,7.54,31.1,3317.0,190.0,145.0
2024-01-27 19:00:00,295.5,200,7.48,30.9,3250.0,216.0,156.0
2024-01-27 20:00:00,308.0,200,7.59,31.7,3295.0,194.0,150.0
2024-01-27 21:00:00,310.3,200,7.51,32.0,3211.0,188.0,138.0
2024-01-27 22:00:00,293.4,200,7.52,32.8,3296.0,198.0,151.0
2024-01-27 23:00:00,317.1,200,7.47,33.7,3258.0,221.0,168.0
2024-01-28 00:00:00,318.2,200,7.49,34.4,3346.0,182.0,154.0
2024-01-28 01:00:00,328.1,200,7.47,35.7,3273.0,189.0,150.0
2024-01-28 02:00:00,339.8,200,7.5,36.1,3294.0,215.0,159.0
2024-01-28 03:00:00,336.5,200,7.59,36.7,3268.0,219.0,152.0
2024-01-28 04:00:00,327.8,200,7.44,37.3,3387.0,199.0,152.0
2024-01-28 05:00:00,323.6,200,7.42,37.1,3284.0,188.0,141.0
2024-01-28 06:00:00,355.6,200,7.58,37.8,3392.0,221.0,152.0
2024-01-28 07:00:00,338.0,200,7.49,37.4,3341.0,216.0,158.0
2024-01-28 08:00:00,340.1,200,7.47,37.3,3324.0,207.0,143.0
2024-01-28 09:00:00,342.3,200,7.55,36.3,3318.0,192.0,161.0
2024-01-28 10:00:00,346.6,200,7.47,35.5,3320.0,200.0,149.0
2024-01-28 11:00:00,346.3,200,7.59,35.5,3204.0,198.0,143.0
2024-01-28 12:00:00,345.4,200,7.53,34.6,3286.0,203.0,158.0
2024-01-28 13:00:00,348.1,200,7.48,33.5,3342.0,215.0,148.0
2024-01-28 14:00:00,354.7,200,7.61,32.7,3298.0,209.0,156.0
2024-01-28 15:00:00,353.2,200,7.47,32.7,3230.0,189.0,148.0
2024-01-28 16:00:00,354.3,200,7.54,31.5,3297.0,214.0,150.0
2024-01-28 17:00:00,363.4,200,7.52,32.1,3385.0,203.0,154.0
2024-01-28 18:00:00,363.0,200,7.57,31.2,3362.0,207.0,152.0
2024-01-28 19:00:00,379.5,200,7.58,31.8,3297.0,215.0,134.0
2024-01-28 20:00:00,348.8,200,7.51,31.8,3348.0,189.0,141.0
2024-01-28 21:00:00,381.2,200,7.47,32.6,3282.0,200.0,157.0
2024-01-28 22:00:00,385.0,200,7.53,32.8,3215.0,195.0,149.0
2024-01-28 23:00:00,360.9,200,7.48,33.7,3254.0,184.0,146.0
2024-01-29 00:00:00,377.3,200,7.62,34.5,3378.0,203.0,139.0
2024-01-29 01:00:00,379.5,200,7.52,35.0,3286.0,225.0,141.0
2024-01-29 02:00:00,373.7,200,7.5,36.2,3288.0,182.0,134.0
2024-01-29 03:00:00,381.3,200,7.53,36.5,3285.0,200.0,149.0
2024-01-29 04:00:00,381.1,200,7.46,37.0,3395.0,206.0,145.0
2024-01-29 05:00:00,406.5,200,7.48,37.1,3381.0,201.0,142.0
2024-01-29 06:00:00,402.5,200,7.59,36.7,3411.0,199.0,149.0
2024-01-29 07:00:00,407.7,200,7.5,37.3,3292.0,187.0,153.0
2024-01-29 08:00:00,405.8,200,7.49,37.8,3315.0,202.0,167.0
2024-01-29 09:00:00,393.5,200,7.57,36.9,3224.0,192.0,138.0
2024-01-29 10:00:00,400.8,200,7.61,36.0,3374.0,178.0,159.0
2024-01-29 11:00:00,411.4,200,7.59,35.2,3242.0,212.0,158.0
2024-01-29 12:00:00,400.2,200,7.61,34.5,3311.0,210.0,144.0
2024-01-29 13:00:00,418.2,200,7.52,33.9,3245.0,201.0,152.0
2024-01-29 14:00:00,413.1,200,7.5,32.6,3271.0,202.0,146.0
2024-01-29 15:00:00,414.5,200,7.65,32.7,3258.0,211.0,151.0
2024-01-29 16:00:00,425.7,200,7.56,32.1,3270.0,202.0,162.0
2024-01-29 17:00:00,426.1,200,7.57,31.8,3273.0,209.0,155.0
2024-01-29 18:00:00,422.1,200,7.65,31.6,3273.0,197.0,154.0
2024-01-29 19:00:00,436.8,200,7.62,31.6,3342.0,213.0,147.0
2024-01-29 20:00:00,421.4,200,7.62,32.1,3245.0,203.0,138.0
2024-01-29 21:00:00,437.4,200,7.71,32.6,3311.0,202.0,148.0
2024-01-29 22:00:00,439.7,200,7.58,32.9,3361.0,187.0,160.0
2024-01-29 23:00:00,435.0,200,7.66,33.6,3274.0,203.0,138.0
2024-01-30 00:00:00,442.6,200,7.63,34.5,3264.0,192.0,142.0
2024-01-30 01:00:00,432.5,200,7.64,35.7,3288.0,194.0,151.0
2024-01-30 02:00:00,452.4,200,7.71,35.6,3359.0,192.0,142.0
2024-01-30 03:00:00,446.0,200,7.67,36.2,3310.0,189.0,144.0
2024-01-30 04:00:00,445.8,200,7.68,37.1,3273.0,221.0,147.0
2024-01-30 05:00:00,460.9,200,7.71,37.4,3324.0,213.0,139.0
2024-01-30 06:00:00,449.4,200,7.65,37.6,3245.0,219.0,142.0
2024-01-30 07:00:00,446.2,200,7.63,37.5,3334.0,188.0,156.0
2024-01-30 08:00:00,447.5,200,7.63,37.0,3320.0,201.0,140.0
2024-01-30 09:00:00,467.3,200,7.59,37.1,3285.0,187.0,137.0
2024-01-30 10:00:00,454.8,200,7.8,35.5,3258.0,193.0,145.0
2024-01-30 11:00:00,481.5,200,7.64,35.0,3256.0,191.0,156.0
2024-01-30 12:00:00,453.3,200,7.7,34.5,3327.0,212.0,148.0
2024-01-30 13:00:00,486.1,200,7.7,33.2,3361.0,196.0,146.0
2024-01-30 14:00:00,476.7,200,7.74,32.9,3268.0,211.0,150.0
2024-01-30 15:00:00,476.7,200,7.77,32.9,3323.0,206.0,136.0
2024-01-30 16:00:00,475.6,200,7.78,31.9,3196.0,223.0,154.0
2024-01-30 17:00:00,485.7,200,7.72,31.7,3271.0,185.0,153.0
2024-01-30 18:00:00,484.7,200,7.74,31.1,3298.0,213.0,147.0
2024-01-30 19:00:00,496.3,200,7.77,31.4,3255.0,211.0,158.0
2024-01-30 20:00:00,490.9,200,7.76,31.8,3253.0,190.0,141.0
2024-01-30 21:00:00,493.7,200,7.86,32.3,3267.0,210.0,159.0
2024-01-30 22:00:00,492.1,200,7.81,33.4,3315.0,203.0,151.0
2024-01-30 23:00:00,497.0,200,7.83,33.9,3291.0,198.0,147.0
